OrderID,CustomerID,ProductID,OrderDate,Quantity,TotalSales
1,394,1005,21-11-2022,2,664.24
296,271,1005,11-09-2023,3,996.36
549,190,1005,09-06-2023,4,1328.48
606,280,1005,28-10-2023,6,1992.72
776,308,1005,05-07-2024,7,2324.84
881,36,1005,16-12-2022,7,2324.84
887,961,1005,05-08-2024,9,2989.08
1035,204,1005,05-06-2024,5,1660.6
1160,75,1005,28-01-2024,9,2989.08
1196,60,1005,04-11-2023,5,1660.6
1285,517,1005,22-03-2024,2,664.24
1299,388,1005,21-09-2024,6,1992.72
1377,20,1005,02-07-2024,2,664.24
1450,710,1005,25-08-2023,4,1328.48
1749,73,1005,22-07-2023,3,996.36
1767,255,1005,02-12-2022,6,1992.72
1816,724,1005,14-06-2024,9,2989.08
2,145,1041,03-08-2023,2,581.92
57,109,1041,24-09-2024,3,872.88
470,160,1041,04-05-2023,9,2618.64
511,245,1041,30-09-2024,6,1745.76
547,325,1041,27-02-2023,9,2618.64
641,295,1041,20-05-2023,2,581.92
672,553,1041,21-01-2024,2,581.92
1062,764,1041,08-02-2023,2,581.92
1288,908,1041,07-04-2024,5,1454.8
1340,43,1041,02-10-2024,9,2618.64
1540,806,1041,04-07-2024,5,1454.8
1910,373,1041,15-01-2023,5,1454.8
1986,96,1041,25-04-2024,5,1454.8
1990,87,1041,05-03-2023,4,1163.84
3,816,1074,14-01-2023,1,347.87
40,247,1074,14-04-2023,1,347.87
321,623,1074,31-10-2024,7,2435.09
474,674,1074,09-11-2022,9,3130.83
520,74,1074,26-02-2024,4,1391.48
584,171,1074,28-01-2024,9,3130.83
598,306,1074,05-04-2024,6,2087.22
618,557,1074,01-08-2024,5,1739.35
661,934,1074,22-06-2024,8,2782.96
711,480,1074,12-04-2024,6,2087.22
732,204,1074,03-09-2023,3,1043.61
781,236,1074,06-07-2024,5,1739.35
1041,987,1074,20-12-2023,4,1391.48
1058,464,1074,05-04-2023,7,2435.09
1150,442,1074,05-03-2024,7,2435.09
1291,297,1074,24-07-2024,6,2087.22
1320,276,1074,15-08-2024,7,2435.09
1341,531,1074,09-05-2023,9,3130.83
1446,750,1074,19-04-2023,9,3130.83
1494,373,1074,13-12-2022,4,1391.48
1567,525,1074,04-03-2024,4,1391.48
1624,216,1074,07-09-2023,5,1739.35
1660,108,1074,31-12-2022,6,2087.22
1713,598,1074,15-09-2023,7,2435.09
1809,898,1074,17-05-2023,1,347.87
1931,216,1074,16-10-2023,6,2087.22
4,669,1015,30-06-2023,3,1380.36
80,46,1015,01-08-2023,8,3680.96
83,430,1015,02-12-2023,6,2760.72
248,944,1015,07-03-2023,9,4141.08
275,453,1015,04-08-2024,3,1380.36
347,884,1015,11-06-2024,4,1840.48
459,761,1015,05-08-2024,5,2300.6
494,770,1015,12-03-2023,7,3220.84
529,550,1015,05-01-2024,5,2300.6
565,77,1015,26-08-2023,9,4141.08
566,924,1015,13-04-2023,4,1840.48
597,109,1015,27-02-2024,7,3220.84
604,953,1015,09-03-2024,1,460.12
685,313,1015,10-03-2024,5,2300.6
752,33,1015,22-08-2023,2,920.24
950,367,1015,30-08-2023,9,4141.08
1181,340,1015,04-06-2024,3,1380.36
1349,301,1015,10-02-2024,7,3220.84
1360,375,1015,15-05-2023,7,3220.84
1410,734,1015,22-01-2023,7,3220.84
1429,828,1015,24-02-2023,5,2300.6
1473,81,1015,27-04-2024,4,1840.48
1765,212,1015,16-03-2023,1,460.12
1864,921,1015,21-04-2024,6,2760.72
1947,567,1015,23-02-2023,2,920.24
1960,219,1015,21-12-2023,3,1380.36
5,239,1094,03-01-2024,2,464.72
59,258,1094,13-02-2024,1,232.36
332,534,1094,21-06-2024,7,1626.52
404,737,1094,23-02-2024,2,464.72
771,387,1094,28-10-2023,5,1161.8
823,314,1094,12-06-2023,2,464.72
957,553,1094,01-11-2023,8,1858.88
987,392,1094,15-02-2023,5,1161.8
1044,43,1094,07-02-2024,5,1161.8
1732,324,1094,28-09-2024,3,697.08
1863,254,1094,30-12-2023,4,929.44
1923,115,1094,25-09-2024,9,2091.24
6,501,1025,22-02-2024,5,1022.6
107,978,1025,08-05-2024,2,409.04
122,402,1025,25-06-2024,1,204.52
138,724,1025,23-08-2023,9,1840.68
183,714,1025,28-07-2023,5,1022.6
233,402,1025,01-10-2023,7,1431.64
280,555,1025,26-09-2023,2,409.04
593,494,1025,30-09-2023,1,204.52
599,719,1025,02-09-2023,9,1840.68
738,208,1025,10-01-2024,5,1022.6
789,364,1025,23-10-2023,9,1840.68
804,176,1025,01-04-2023,8,1636.16
864,56,1025,23-11-2022,8,1636.16
892,993,1025,15-07-2024,5,1022.6
1098,977,1025,28-01-2023,2,409.04
1222,94,1025,20-09-2024,5,1022.6
1316,201,1025,31-07-2023,2,409.04
1460,665,1025,29-05-2024,7,1431.64
1547,828,1025,16-03-2024,1,204.52
1646,338,1025,29-04-2024,2,409.04
1727,915,1025,25-03-2024,4,818.08
1831,636,1025,29-07-2024,5,1022.6
1866,429,1025,20-07-2024,7,1431.64
7,808,1050,19-03-2023,3,860.31
134,621,1050,30-11-2022,5,1433.85
160,722,1050,18-03-2023,4,1147.08
210,585,1050,20-12-2023,4,1147.08
257,18,1050,26-03-2024,7,2007.39
353,18,1050,15-03-2023,7,2007.39
543,978,1050,02-03-2023,8,2294.16
576,326,1050,17-06-2024,9,2580.93
580,147,1050,26-08-2024,5,1433.85
1002,283,1050,13-07-2024,4,1147.08
1216,295,1050,04-04-2023,6,1720.62
1313,759,1050,23-06-2023,9,2580.93
1357,572,1050,19-07-2024,4,1147.08
1393,390,1050,11-09-2023,3,860.31
1425,489,1050,31-01-2024,2,573.54
1511,525,1050,20-05-2024,6,1720.62
1541,624,1050,14-05-2024,2,573.54
1608,760,1050,22-05-2024,7,2007.39
1672,107,1050,26-11-2023,7,2007.39
1726,328,1050,03-04-2023,1,286.77
1754,432,1050,15-10-2023,3,860.31
1776,94,1050,07-04-2024,9,2580.93
1849,293,1050,09-12-2023,7,2007.39
1927,498,1050,05-04-2023,5,1433.85
1967,681,1050,18-10-2023,5,1433.85
8,238,1032,20-05-2024,3,1099.11
112,796,1032,08-02-2024,3,1099.11
176,371,1032,06-05-2024,5,1831.85
541,485,1032,14-05-2024,5,1831.85
577,997,1032,22-01-2023,7,2564.59
615,162,1032,18-01-2024,2,732.74
684,638,1032,07-12-2022,4,1465.48
690,785,1032,02-04-2023,8,2930.96
805,768,1032,26-09-2023,9,3297.33
851,964,1032,14-08-2024,7,2564.59
867,939,1032,06-07-2023,4,1465.48
934,494,1032,24-12-2022,7,2564.59
947,395,1032,28-05-2024,2,732.74
973,649,1032,11-01-2024,6,2198.22
1139,149,1032,13-11-2022,9,3297.33
1483,840,1032,04-10-2023,3,1099.11
1508,243,1032,30-06-2023,3,1099.11
1620,559,1032,04-07-2024,5,1831.85
1714,420,1032,07-06-2024,3,1099.11
1913,216,1032,02-11-2023,3,1099.11
1978,820,1032,13-06-2024,6,2198.22
9,820,1023,04-12-2022,5,1195.15
130,310,1023,03-07-2024,8,1912.24
252,898,1023,16-03-2023,8,1912.24
323,301,1023,06-04-2024,5,1195.15
342,663,1023,06-03-2023,3,717.09
349,36,1023,10-01-2024,8,1912.24
500,177,1023,19-11-2023,1,239.03
708,588,1023,01-01-2024,5,1195.15
748,338,1023,28-08-2024,2,478.06
877,793,1023,29-04-2023,7,1673.21
1076,909,1023,17-06-2024,6,1434.18
1241,973,1023,26-09-2023,6,1434.18
1284,451,1023,10-12-2023,1,239.03
1374,787,1023,09-04-2023,9,2151.27
1497,843,1023,19-12-2023,7,1673.21
1507,659,1023,17-09-2023,7,1673.21
1560,823,1023,26-04-2024,3,717.09
1735,508,1023,26-04-2023,3,717.09
1745,813,1023,24-06-2023,5,1195.15
1793,907,1023,11-10-2024,3,717.09
1805,755,1023,16-07-2024,3,717.09
1908,560,1023,28-07-2023,3,717.09
10,396,1073,21-02-2024,9,3206.88
148,619,1073,24-05-2024,7,2494.24
309,353,1073,08-02-2024,3,1068.96
385,934,1073,25-06-2024,8,2850.56
428,731,1073,16-11-2022,2,712.64
473,481,1073,22-12-2023,3,1068.96
508,794,1073,04-03-2024,3,1068.96
628,730,1073,07-01-2023,7,2494.24
757,2,1073,17-02-2024,3,1068.96
880,356,1073,22-01-2023,1,356.32
1202,848,1073,22-04-2024,3,1068.96
1343,755,1073,03-03-2023,6,2137.92
1441,565,1073,12-01-2024,8,2850.56
1563,92,1073,24-11-2023,2,712.64
1584,340,1073,17-11-2023,2,712.64
1778,756,1073,22-02-2023,4,1425.28
1905,329,1073,18-06-2023,2,712.64
11,920,1056,03-03-2023,1,210.69
388,611,1056,12-09-2023,9,1896.21
419,47,1056,04-08-2024,9,1896.21
528,420,1056,12-02-2023,3,632.07
590,607,1056,22-08-2023,4,842.76
649,200,1056,01-10-2023,8,1685.52
700,386,1056,14-07-2024,4,842.76
773,316,1056,11-05-2023,4,842.76
788,2,1056,17-03-2024,5,1053.45
814,14,1056,27-10-2024,6,1264.14
815,505,1056,10-07-2023,9,1896.21
833,205,1056,19-01-2023,9,1896.21
958,628,1056,07-05-2024,5,1053.45
1071,898,1056,01-02-2023,3,632.07
1093,870,1056,28-08-2024,8,1685.52
1279,971,1056,04-04-2023,8,1685.52
1488,19,1056,12-11-2023,4,842.76
1512,257,1056,08-03-2023,9,1896.21
1572,611,1056,26-04-2024,1,210.69
1772,609,1056,14-10-2023,4,842.76
1775,594,1056,03-09-2023,5,1053.45
1798,962,1056,12-08-2024,1,210.69
1799,781,1056,31-05-2023,1,210.69
1959,936,1056,24-08-2024,2,421.38
12,677,1022,28-04-2023,8,2628.48
82,609,1022,08-09-2023,6,1971.36
394,507,1022,20-03-2024,7,2299.92
560,844,1022,18-11-2023,1,328.56
739,573,1022,17-07-2023,8,2628.48
1239,992,1022,26-01-2024,6,1971.36
1355,942,1022,19-11-2022,1,328.56
1390,864,1022,20-09-2024,9,2957.04
1444,428,1022,19-01-2023,6,1971.36
1490,979,1022,06-12-2023,5,1642.8
1701,849,1022,24-07-2023,7,2299.92
1936,118,1022,02-05-2023,2,657.12
13,752,1095,27-09-2024,1,377.45
193,994,1095,05-11-2022,3,1132.35
350,76,1095,17-10-2023,4,1509.8
412,378,1095,08-02-2024,4,1509.8
675,824,1095,02-12-2023,9,3397.05
707,839,1095,28-07-2024,6,2264.7
733,35,1095,05-04-2024,7,2642.15
862,751,1095,23-11-2023,9,3397.05
903,689,1095,30-05-2024,5,1887.25
929,109,1095,26-05-2023,5,1887.25
1021,526,1095,30-12-2022,9,3397.05
1091,431,1095,24-12-2023,9,3397.05
1270,751,1095,06-02-2024,1,377.45
1510,559,1095,13-03-2024,5,1887.25
1632,146,1095,23-04-2024,2,754.9
1656,420,1095,27-10-2023,1,377.45
1702,277,1095,15-01-2023,7,2642.15
1733,734,1095,16-04-2023,3,1132.35
1811,32,1095,06-08-2024,7,2642.15
1836,863,1095,19-11-2023,5,1887.25
1948,625,1095,17-07-2024,3,1132.35
1955,36,1095,05-02-2023,3,1132.35
14,27,1055,30-06-2024,9,2578.23
33,532,1055,01-05-2023,5,1432.35
74,84,1055,20-09-2024,5,1432.35
111,746,1055,14-07-2024,9,2578.23
236,155,1055,04-04-2024,9,2578.23
406,212,1055,27-11-2023,3,859.41
557,873,1055,28-04-2024,1,286.47
713,81,1055,16-12-2022,3,859.41
770,555,1055,21-11-2022,3,859.41
1029,185,1055,07-08-2024,4,1145.88
1105,65,1055,19-10-2023,4,1145.88
1134,651,1055,02-01-2023,6,1718.82
1544,76,1055,05-03-2024,2,572.94
1571,851,1055,23-01-2024,5,1432.35
1615,837,1055,28-02-2023,3,859.41
1725,647,1055,14-04-2023,9,2578.23
1729,626,1055,16-03-2023,3,859.41
1781,635,1055,06-11-2023,1,286.47
1847,485,1055,11-12-2022,7,2005.29
1980,932,1055,15-07-2023,1,286.47
15,602,1057,03-07-2024,3,1336.74
37,239,1057,19-10-2024,5,2227.9
73,505,1057,16-03-2023,7,3119.06
222,754,1057,01-11-2023,5,2227.9
256,355,1057,28-03-2023,7,3119.06
297,332,1057,04-02-2024,6,2673.48
302,606,1057,04-08-2024,1,445.58
339,119,1057,23-09-2024,8,3564.64
489,538,1057,19-06-2024,9,4010.22
501,754,1057,05-07-2024,2,891.16
545,426,1057,08-10-2024,4,1782.32
830,200,1057,26-01-2024,6,2673.48
882,618,1057,12-06-2024,8,3564.64
960,36,1057,02-11-2024,6,2673.48
1006,496,1057,23-07-2023,1,445.58
1067,846,1057,25-04-2024,2,891.16
1096,701,1057,07-04-2023,2,891.16
1097,61,1057,10-09-2023,1,445.58
1128,10,1057,29-01-2023,7,3119.06
1261,890,1057,04-01-2024,6,2673.48
1354,549,1057,26-07-2024,4,1782.32
1524,808,1057,23-10-2024,7,3119.06
1657,118,1057,01-04-2023,4,1782.32
1736,118,1057,17-01-2024,2,891.16
1835,196,1057,07-10-2023,5,2227.9
16,945,1003,11-05-2024,3,113.25
301,54,1003,10-08-2023,5,188.75
311,673,1003,29-01-2023,9,339.75
378,336,1003,07-03-2024,5,188.75
420,314,1003,11-04-2024,3,113.25
556,641,1003,28-06-2024,5,188.75
596,814,1003,25-02-2023,5,188.75
650,326,1003,11-08-2024,2,75.5
663,559,1003,03-02-2024,9,339.75
845,511,1003,05-05-2024,4,151
956,919,1003,16-01-2023,7,264.25
980,930,1003,30-09-2023,5,188.75
1089,104,1003,11-04-2024,9,339.75
1219,269,1003,08-06-2023,3,113.25
1228,382,1003,13-12-2023,7,264.25
1260,31,1003,10-06-2024,2,75.5
1574,620,1003,07-04-2024,2,75.5
1593,486,1003,18-04-2024,5,188.75
1643,921,1003,29-08-2023,7,264.25
1780,315,1003,12-11-2023,8,302
1791,454,1003,05-01-2024,2,75.5
1807,184,1003,23-12-2023,3,113.25
1902,342,1003,11-01-2024,5,188.75
1921,282,1003,11-02-2023,4,151
17,442,1100,28-10-2024,3,993.6
50,832,1100,03-10-2023,9,2980.8
110,124,1100,08-04-2023,1,331.2
196,339,1100,04-03-2023,8,2649.6
259,980,1100,11-01-2023,4,1324.8
493,468,1100,11-02-2023,2,662.4
498,672,1100,27-03-2024,4,1324.8
624,167,1100,18-04-2024,4,1324.8
785,635,1100,16-04-2023,4,1324.8
844,13,1100,14-08-2023,2,662.4
918,146,1100,25-03-2023,3,993.6
971,867,1100,21-03-2023,4,1324.8
995,644,1100,09-04-2024,6,1987.2
996,916,1100,10-08-2024,3,993.6
1290,92,1100,30-12-2022,4,1324.8
1527,831,1100,15-03-2023,3,993.6
1580,995,1100,31-12-2023,7,2318.4
1681,363,1100,18-01-2023,3,993.6
1693,721,1100,12-06-2023,9,2980.8
1696,527,1100,21-12-2023,3,993.6
1704,445,1100,23-05-2023,6,1987.2
18,84,1024,11-04-2023,9,2256.93
61,213,1024,31-08-2023,4,1003.08
92,30,1024,21-09-2024,7,1755.39
602,314,1024,21-12-2023,4,1003.08
605,265,1024,27-07-2024,5,1253.85
653,973,1024,17-04-2024,1,250.77
745,73,1024,24-02-2023,9,2256.93
945,50,1024,03-09-2023,5,1253.85
978,13,1024,14-05-2023,6,1504.62
1108,159,1024,13-01-2024,4,1003.08
1185,391,1024,26-06-2024,5,1253.85
1367,795,1024,08-09-2024,3,752.31
1526,961,1024,13-12-2022,4,1003.08
1585,960,1024,10-06-2024,1,250.77
1769,770,1024,31-12-2022,7,1755.39
1817,618,1024,25-11-2022,2,501.54
1924,345,1024,11-07-2023,8,2006.16
19,670,1090,30-04-2023,2,284.98
105,522,1090,18-09-2024,6,854.94
158,576,1090,29-07-2024,5,712.45
223,985,1090,24-07-2024,9,1282.41
260,904,1090,13-11-2023,4,569.96
344,781,1090,27-12-2022,5,712.45
351,942,1090,28-01-2024,6,854.94
539,58,1090,02-06-2023,8,1139.92
692,632,1090,02-11-2024,6,854.94
827,535,1090,12-01-2024,6,854.94
858,509,1090,29-04-2024,9,1282.41
910,441,1090,28-04-2023,3,427.47
1001,164,1090,20-12-2023,8,1139.92
1022,761,1090,19-06-2024,6,854.94
1100,40,1090,17-01-2024,8,1139.92
1129,850,1090,15-07-2024,9,1282.41
1272,149,1090,16-07-2023,9,1282.41
1437,440,1090,26-04-2024,1,142.49
1472,342,1090,16-08-2023,8,1139.92
1550,104,1090,09-09-2024,5,712.45
1748,994,1090,05-08-2024,9,1282.41
1846,127,1090,24-09-2023,7,997.43
1873,185,1090,09-01-2023,1,142.49
1917,31,1090,17-03-2023,7,997.43
20,926,1004,28-01-2024,3,225.96
251,535,1004,12-07-2024,4,301.28
414,625,1004,27-08-2024,3,225.96
418,377,1004,19-04-2024,2,150.64
425,731,1004,22-11-2023,6,451.92
431,287,1004,03-06-2024,3,225.96
727,181,1004,07-10-2023,2,150.64
826,371,1004,09-05-2023,2,150.64
875,259,1004,15-09-2023,8,602.56
949,726,1004,17-12-2023,3,225.96
994,455,1004,10-10-2023,9,677.88
1125,601,1004,18-05-2024,4,301.28
1161,177,1004,16-02-2023,9,677.88
1455,518,1004,10-03-2024,3,225.96
1578,948,1004,19-06-2024,9,677.88
1629,896,1004,16-09-2023,5,376.6
1683,18,1004,06-03-2023,2,150.64
1979,630,1004,27-11-2022,4,301.28
21,821,1064,19-08-2023,7,2879.17
115,648,1064,10-01-2023,4,1645.24
380,396,1064,30-03-2023,6,2467.86
387,664,1064,16-10-2023,9,3701.79
393,771,1064,06-07-2023,5,2056.55
454,704,1064,26-11-2023,3,1233.93
519,92,1064,10-04-2023,5,2056.55
564,171,1064,02-09-2024,3,1233.93
717,895,1064,15-03-2024,2,822.62
718,79,1064,29-11-2022,9,3701.79
856,135,1064,30-04-2024,2,822.62
909,361,1064,07-11-2022,6,2467.86
1212,894,1064,22-04-2024,5,2056.55
1361,346,1064,27-02-2024,3,1233.93
1548,177,1064,01-07-2023,9,3701.79
1587,877,1064,05-12-2022,9,3701.79
1645,311,1064,13-11-2023,4,1645.24
1744,236,1064,17-10-2024,1,411.31
1832,704,1064,29-10-2024,5,2056.55
1852,994,1064,15-08-2024,9,3701.79
22,872,1093,29-08-2023,8,2063.04
142,219,1093,23-04-2023,7,1805.16
192,786,1093,23-03-2024,1,257.88
285,83,1093,20-09-2024,5,1289.4
317,528,1093,09-03-2023,2,515.76
359,79,1093,04-02-2023,6,1547.28
630,947,1093,28-10-2024,2,515.76
637,65,1093,18-03-2023,8,2063.04
774,277,1093,08-05-2023,6,1547.28
922,132,1093,29-05-2024,6,1547.28
1019,577,1093,05-12-2023,4,1031.52
1030,296,1093,24-06-2023,8,2063.04
1336,472,1093,05-08-2023,6,1547.28
1348,839,1093,06-05-2023,7,1805.16
1362,296,1093,22-09-2024,6,1547.28
1401,556,1093,07-03-2024,4,1031.52
1418,541,1093,04-09-2023,6,1547.28
1509,759,1093,27-05-2024,3,773.64
1630,154,1093,28-08-2023,7,1805.16
1655,794,1093,20-10-2023,3,773.64
1730,952,1093,18-04-2023,6,1547.28
1827,907,1093,07-06-2024,6,1547.28
1897,428,1093,01-04-2023,8,2063.04
1985,54,1093,22-08-2024,2,515.76
23,617,1034,20-06-2023,4,785.8
290,7,1034,21-06-2023,5,982.25
440,249,1034,31-05-2023,5,982.25
458,628,1034,05-03-2023,2,392.9
537,189,1034,20-04-2023,5,982.25
648,104,1034,20-02-2024,9,1768.05
722,584,1034,12-09-2024,5,982.25
728,116,1034,06-11-2023,4,785.8
749,872,1034,01-09-2024,6,1178.7
896,142,1034,26-01-2024,6,1178.7
942,527,1034,07-07-2023,8,1571.6
1078,744,1034,30-11-2023,6,1178.7
1118,456,1034,01-03-2023,6,1178.7
1199,609,1034,28-05-2023,7,1375.15
1250,883,1034,11-06-2023,3,589.35
1422,30,1034,02-09-2023,6,1178.7
1543,657,1034,15-03-2023,4,785.8
1650,884,1034,09-07-2024,5,982.25
1653,280,1034,28-05-2023,3,589.35
1684,373,1034,10-06-2024,1,196.45
1901,659,1034,31-03-2024,1,196.45
1904,951,1034,18-07-2024,2,392.9
1976,589,1034,12-05-2024,4,785.8
24,800,1011,23-03-2023,4,1772.64
202,223,1011,19-08-2024,4,1772.64
206,610,1011,19-04-2023,2,886.32
219,694,1011,28-01-2024,6,2658.96
379,779,1011,14-11-2023,9,3988.44
476,145,1011,21-08-2023,8,3545.28
487,880,1011,01-03-2024,8,3545.28
595,21,1011,07-04-2024,1,443.16
693,55,1011,19-01-2024,3,1329.48
992,750,1011,13-10-2023,9,3988.44
998,59,1011,24-05-2024,7,3102.12
1120,824,1011,22-10-2024,1,443.16
1144,409,1011,15-03-2024,3,1329.48
1223,619,1011,13-08-2023,9,3988.44
1251,68,1011,28-09-2024,3,1329.48
1706,430,1011,03-01-2024,7,3102.12
1728,807,1011,30-03-2024,3,1329.48
1751,246,1011,03-09-2024,1,443.16
1806,921,1011,25-02-2023,9,3988.44
1822,949,1011,19-07-2024,6,2658.96
25,546,1066,30-04-2024,6,1841.28
312,951,1066,18-08-2023,2,613.76
362,398,1066,02-10-2023,4,1227.52
429,971,1066,18-11-2023,7,2148.16
499,353,1066,26-10-2023,2,613.76
526,383,1066,25-03-2023,5,1534.4
639,977,1066,30-07-2023,1,306.88
820,645,1066,08-12-2023,3,920.64
933,285,1066,05-05-2024,6,1841.28
1028,543,1066,04-06-2023,2,613.76
1300,156,1066,28-07-2024,2,613.76
1359,175,1066,25-03-2023,6,1841.28
1391,154,1066,03-01-2024,4,1227.52
1430,775,1066,21-07-2023,9,2761.92
1459,895,1066,30-06-2024,9,2761.92
1691,827,1066,13-12-2023,6,1841.28
1700,552,1066,28-05-2024,9,2761.92
1786,489,1066,05-04-2024,3,920.64
1824,13,1066,05-04-2024,2,613.76
1867,819,1066,13-09-2024,9,2761.92
1975,259,1066,13-08-2023,9,2761.92
1988,540,1066,17-08-2023,5,1534.4
26,907,1086,07-01-2024,4,741.44
144,501,1086,12-05-2024,4,741.44
546,533,1086,06-06-2023,3,556.08
550,658,1086,22-09-2024,9,1668.24
962,862,1086,06-08-2024,1,185.36
1005,614,1086,10-04-2024,3,556.08
1016,155,1086,21-04-2023,9,1668.24
1182,56,1086,29-08-2023,7,1297.52
1286,316,1086,14-09-2023,8,1482.88
1332,839,1086,26-05-2024,4,741.44
1582,170,1086,29-11-2022,6,1112.16
1621,748,1086,04-05-2023,2,370.72
1783,581,1086,11-01-2024,1,185.36
1850,592,1086,10-04-2024,3,556.08
1874,201,1086,09-07-2024,7,1297.52
1889,944,1086,20-08-2024,3,556.08
27,751,1070,26-03-2024,8,1195.2
137,516,1070,15-05-2023,3,448.2
261,826,1070,04-08-2024,8,1195.2
278,615,1070,01-10-2023,8,1195.2
374,649,1070,07-08-2024,3,448.2
439,383,1070,24-05-2024,2,298.8
512,672,1070,06-04-2024,9,1344.6
681,423,1070,21-01-2024,9,1344.6
723,913,1070,25-07-2024,8,1195.2
824,320,1070,11-02-2023,5,747
836,964,1070,23-03-2024,2,298.8
857,638,1070,30-12-2023,7,1045.8
1190,919,1070,29-10-2024,9,1344.6
1194,533,1070,13-05-2024,3,448.2
1423,483,1070,21-11-2022,6,896.4
1530,627,1070,13-10-2023,9,1344.6
1788,701,1070,04-08-2023,2,298.8
1941,313,1070,24-10-2024,7,1045.8
28,680,1079,26-08-2023,7,1616.3
68,118,1079,06-11-2023,5,1154.5
81,363,1079,10-05-2024,4,923.6
113,938,1079,15-01-2024,9,2078.1
151,725,1079,18-11-2023,5,1154.5
177,426,1079,10-08-2023,9,2078.1
400,733,1079,01-09-2023,2,461.8
402,609,1079,31-08-2024,6,1385.4
432,422,1079,25-12-2022,9,2078.1
784,637,1079,05-05-2024,1,230.9
786,149,1079,16-02-2024,1,230.9
809,456,1079,02-12-2023,5,1154.5
847,406,1079,23-12-2023,7,1616.3
1142,428,1079,24-03-2023,8,1847.2
1206,386,1079,11-08-2024,7,1616.3
1252,875,1079,08-10-2024,6,1385.4
1338,473,1079,09-03-2024,9,2078.1
1434,717,1079,08-03-2024,4,923.6
1589,850,1079,09-12-2023,5,1154.5
1674,924,1079,08-09-2024,9,2078.1
1724,560,1079,17-07-2024,2,461.8
29,35,1028,19-10-2024,5,873.95
60,625,1028,06-07-2023,3,524.37
93,224,1028,24-07-2024,8,1398.32
447,45,1028,27-11-2022,4,699.16
579,574,1028,20-02-2023,2,349.58
698,900,1028,22-03-2023,5,873.95
1156,840,1028,06-01-2023,1,174.79
1176,465,1028,14-10-2024,3,524.37
1209,607,1028,17-06-2024,9,1573.11
1253,424,1028,06-03-2024,1,174.79
1382,899,1028,10-09-2023,9,1573.11
1779,135,1028,28-07-2023,3,524.37
30,168,1081,20-08-2024,2,251.4
133,1000,1081,14-07-2023,9,1131.3
232,107,1081,26-01-2024,1,125.7
242,535,1081,19-06-2024,8,1005.6
368,582,1081,26-03-2023,6,754.2
464,436,1081,30-06-2023,7,879.9
467,666,1081,13-08-2023,5,628.5
481,386,1081,30-01-2023,4,502.8
614,441,1081,10-11-2022,3,377.1
694,769,1081,12-04-2024,6,754.2
747,633,1081,05-12-2022,1,125.7
787,236,1081,26-02-2024,8,1005.6
866,206,1081,15-04-2023,9,1131.3
870,592,1081,04-12-2023,2,251.4
1007,245,1081,04-05-2023,3,377.1
1026,876,1081,20-06-2023,2,251.4
1113,386,1081,05-02-2024,7,879.9
1143,784,1081,22-07-2023,3,377.1
1262,152,1081,29-09-2023,5,628.5
1295,239,1081,15-12-2022,2,251.4
1305,604,1081,01-12-2022,1,125.7
1306,559,1081,11-07-2024,3,377.1
1345,979,1081,08-04-2024,4,502.8
1417,120,1081,08-07-2024,3,377.1
1561,35,1081,05-02-2024,3,377.1
1648,266,1081,10-03-2023,2,251.4
1790,4,1081,01-07-2024,8,1005.6
1848,249,1081,23-05-2023,2,251.4
1856,560,1081,23-11-2023,1,125.7
1898,1000,1081,19-07-2023,3,377.1
31,291,1080,18-03-2023,3,186.42
145,626,1080,30-01-2023,4,248.56
450,506,1080,27-10-2023,7,434.98
536,249,1080,13-09-2024,3,186.42
695,412,1080,19-05-2024,6,372.84
725,226,1080,05-02-2024,8,497.12
782,568,1080,04-02-2023,4,248.56
810,46,1080,02-09-2024,2,124.28
944,797,1080,28-03-2023,4,248.56
979,706,1080,06-05-2023,9,559.26
984,434,1080,08-11-2023,5,310.7
1171,321,1080,24-10-2024,1,62.14
1256,232,1080,20-04-2024,4,248.56
1328,683,1080,16-03-2023,6,372.84
1384,691,1080,23-08-2024,2,124.28
1551,417,1080,20-02-2023,2,124.28
1568,240,1080,20-08-2024,9,559.26
1576,789,1080,21-05-2024,1,62.14
1577,319,1080,08-12-2023,5,310.7
1858,88,1080,29-09-2023,4,248.56
1987,480,1080,21-03-2024,4,248.56
2000,360,1080,04-05-2023,3,186.42
32,192,1085,04-11-2023,3,882.33
230,946,1085,25-12-2023,4,1176.44
531,426,1085,12-12-2023,8,2352.88
669,708,1085,14-01-2024,4,1176.44
730,35,1085,02-01-2024,6,1764.66
904,459,1085,28-03-2024,8,2352.88
1012,81,1085,29-11-2022,6,1764.66
1246,931,1085,01-08-2023,4,1176.44
1414,1,1085,22-06-2024,1,294.11
1448,440,1085,28-10-2024,9,2646.99
1485,704,1085,26-04-2024,5,1470.55
1503,769,1085,30-10-2023,9,2646.99
1590,395,1085,04-08-2023,1,294.11
1658,64,1085,11-04-2024,1,294.11
1800,148,1085,18-10-2023,1,294.11
1868,873,1085,19-02-2024,9,2646.99
34,641,1087,01-02-2023,1,390.52
55,49,1087,19-12-2022,6,2343.12
62,849,1087,20-10-2023,6,2343.12
291,838,1087,22-03-2023,8,3124.16
384,595,1087,23-08-2024,9,3514.68
441,38,1087,16-12-2022,4,1562.08
794,276,1087,18-11-2023,6,2343.12
802,116,1087,09-09-2024,5,1952.6
993,468,1087,10-12-2022,6,2343.12
1133,653,1087,18-12-2023,1,390.52
1225,416,1087,11-01-2023,5,1952.6
1311,983,1087,30-11-2022,9,3514.68
1413,508,1087,20-04-2024,6,2343.12
1661,310,1087,22-03-2024,4,1562.08
1707,270,1087,03-11-2024,7,2733.64
1792,900,1087,20-12-2022,3,1171.56
1828,166,1087,28-09-2023,1,390.52
1939,966,1087,18-07-2023,2,781.04
1977,63,1087,07-11-2023,4,1562.08
35,897,1014,05-06-2023,1,226.96
240,73,1014,06-11-2022,9,2042.64
293,494,1014,19-08-2023,2,453.92
403,878,1014,04-02-2024,5,1134.8
462,995,1014,28-02-2023,5,1134.8
478,329,1014,21-05-2024,2,453.92
551,250,1014,23-01-2024,7,1588.72
795,56,1014,31-10-2023,5,1134.8
940,278,1014,26-04-2024,6,1361.76
1148,875,1014,11-04-2024,9,2042.64
1201,78,1014,19-03-2023,2,453.92
1383,985,1014,23-09-2024,7,1588.72
1717,324,1014,01-12-2023,2,453.92
1768,351,1014,25-02-2023,5,1134.8
1876,866,1014,29-12-2023,5,1134.8
36,792,1008,12-02-2024,7,568.68
127,891,1008,22-02-2023,1,81.24
174,983,1008,17-07-2024,5,406.2
235,487,1008,17-08-2024,8,649.92
238,740,1008,24-02-2024,7,568.68
446,419,1008,01-02-2024,2,162.48
623,965,1008,09-07-2023,2,162.48
702,917,1008,27-12-2022,6,487.44
763,639,1008,07-11-2023,7,568.68
863,983,1008,20-02-2024,9,731.16
874,641,1008,21-06-2023,8,649.92
884,633,1008,08-06-2024,1,81.24
1095,750,1008,17-08-2023,6,487.44
1198,718,1008,18-01-2023,5,406.2
1245,498,1008,14-06-2024,6,487.44
1327,183,1008,19-01-2024,8,649.92
1439,845,1008,31-10-2024,7,568.68
1462,679,1008,03-04-2024,7,568.68
1478,497,1008,21-09-2024,1,81.24
1479,334,1008,29-03-2023,3,243.72
1555,556,1008,19-11-2023,3,243.72
1618,190,1008,04-07-2023,9,731.16
1628,838,1008,07-04-2023,1,81.24
1755,306,1008,12-08-2023,4,324.96
1770,489,1008,03-11-2024,6,487.44
1813,86,1008,01-07-2023,5,406.2
38,522,1059,28-07-2023,8,3851.36
129,603,1059,21-04-2023,5,2407.1
225,19,1059,24-11-2022,3,1444.26
338,511,1059,22-06-2023,9,4332.78
390,273,1059,05-06-2024,6,2888.52
525,621,1059,28-11-2022,3,1444.26
657,255,1059,07-09-2023,9,4332.78
761,419,1059,17-08-2023,6,2888.52
1092,191,1059,18-11-2023,6,2888.52
1102,404,1059,14-12-2022,3,1444.26
1271,997,1059,01-12-2023,7,3369.94
1396,277,1059,10-07-2023,4,1925.68
1583,941,1059,22-02-2023,3,1444.26
1597,748,1059,06-12-2022,7,3369.94
1601,587,1059,30-12-2023,3,1444.26
1715,502,1059,09-01-2024,1,481.42
1757,116,1059,07-02-2024,9,4332.78
1759,221,1059,26-09-2023,9,4332.78
1860,119,1059,27-06-2023,6,2888.52
1992,322,1059,28-06-2023,2,962.84
1997,361,1059,02-07-2023,1,481.42
39,147,1029,11-09-2023,6,675.18
182,105,1029,04-09-2023,4,450.12
258,555,1029,28-04-2023,4,450.12
299,611,1029,26-03-2023,5,562.65
304,86,1029,30-12-2022,6,675.18
422,322,1029,15-11-2023,2,225.06
778,86,1029,31-07-2023,3,337.59
829,560,1029,10-02-2024,5,562.65
1039,183,1029,26-11-2023,3,337.59
1070,319,1029,27-08-2024,4,450.12
1116,879,1029,14-06-2023,9,1012.77
1140,959,1029,18-03-2023,3,337.59
1358,681,1029,20-09-2023,2,225.06
1389,230,1029,03-06-2024,1,112.53
1664,376,1029,02-07-2023,6,675.18
1952,652,1029,07-09-2023,2,225.06
41,133,1091,17-02-2024,6,1500.12
53,595,1091,11-08-2023,5,1250.1
66,96,1091,29-11-2022,9,2250.18
140,74,1091,13-06-2024,7,1750.14
268,369,1091,30-10-2024,6,1500.12
324,919,1091,21-10-2024,9,2250.18
328,456,1091,16-02-2023,4,1000.08
330,24,1091,09-06-2024,8,2000.16
361,567,1091,26-06-2023,4,1000.08
503,638,1091,16-06-2024,8,2000.16
638,54,1091,17-02-2024,5,1250.1
1038,303,1091,19-12-2022,2,500.04
1090,24,1091,14-07-2023,5,1250.1
1166,802,1091,19-08-2023,8,2000.16
1179,448,1091,09-04-2024,8,2000.16
1235,264,1091,08-08-2023,5,1250.1
1475,200,1091,15-12-2023,8,2000.16
1529,766,1091,11-02-2023,4,1000.08
1599,603,1091,25-12-2023,4,1000.08
1623,505,1091,24-02-2023,6,1500.12
1825,927,1091,20-01-2024,6,1500.12
1839,452,1091,02-04-2023,4,1000.08
1871,212,1091,30-12-2022,1,250.02
1875,542,1091,13-12-2022,9,2250.18
1877,697,1091,06-05-2024,8,2000.16
42,607,1084,14-10-2023,9,3437.91
48,381,1084,06-01-2023,6,2291.94
75,426,1084,16-02-2023,9,3437.91
126,336,1084,15-02-2024,5,1909.95
132,753,1084,05-03-2024,7,2673.93
305,780,1084,25-12-2022,2,763.98
375,790,1084,14-04-2023,3,1145.97
411,275,1084,19-10-2024,9,3437.91
443,399,1084,15-09-2024,1,381.99
766,918,1084,10-09-2023,9,3437.91
768,631,1084,22-06-2024,5,1909.95
1059,174,1084,16-01-2024,1,381.99
1131,378,1084,01-08-2024,2,763.98
1471,551,1084,13-02-2024,3,1145.97
1667,60,1084,03-03-2024,5,1909.95
1718,772,1084,30-01-2023,2,763.98
1731,949,1084,24-01-2023,1,381.99
1782,341,1084,01-10-2023,2,763.98
1862,947,1084,15-07-2024,5,1909.95
1964,473,1084,30-10-2024,1,381.99
43,217,1052,24-03-2023,6,968.82
101,152,1052,31-07-2023,9,1453.23
131,836,1052,19-08-2024,9,1453.23
156,107,1052,30-12-2023,7,1130.29
212,500,1052,19-11-2023,7,1130.29
676,371,1052,22-05-2023,4,645.88
714,920,1052,01-10-2023,7,1130.29
931,44,1052,14-02-2024,3,484.41
1060,856,1052,04-02-2023,1,161.47
1069,397,1052,31-12-2022,4,645.88
1369,260,1052,16-02-2023,1,161.47
1409,811,1052,18-10-2024,1,161.47
1456,728,1052,24-10-2023,3,484.41
1596,647,1052,04-06-2024,6,968.82
1604,756,1052,24-01-2023,6,968.82
1671,510,1052,03-01-2024,4,645.88
1747,167,1052,04-10-2023,5,807.35
1888,203,1052,21-01-2024,3,484.41
44,577,1007,12-07-2024,7,1700.65
173,25,1007,03-05-2023,5,1214.75
337,388,1007,05-04-2023,9,2186.55
376,436,1007,20-12-2022,3,728.85
534,992,1007,12-07-2024,8,1943.6
548,571,1007,08-05-2023,6,1457.7
578,905,1007,12-11-2022,7,1700.65
838,582,1007,28-03-2024,8,1943.6
1158,98,1007,30-08-2023,5,1214.75
1165,100,1007,21-07-2023,9,2186.55
1177,694,1007,02-12-2023,7,1700.65
1293,495,1007,30-09-2024,3,728.85
1323,815,1007,17-02-2023,6,1457.7
1342,543,1007,27-09-2023,2,485.9
1394,474,1007,16-12-2023,8,1943.6
1501,629,1007,22-10-2023,9,2186.55
1722,612,1007,31-05-2024,2,485.9
1958,513,1007,12-11-2023,6,1457.7
1961,490,1007,21-10-2024,2,485.9
45,992,1013,04-09-2024,1,82.85
65,857,1013,14-11-2023,8,662.8
109,910,1013,27-03-2023,1,82.85
186,975,1013,15-01-2024,8,662.8
194,591,1013,05-10-2024,2,165.7
320,324,1013,29-12-2023,4,331.4
331,805,1013,10-11-2022,7,579.95
640,848,1013,04-08-2024,7,579.95
736,394,1013,23-10-2024,1,82.85
932,268,1013,11-10-2024,8,662.8
1326,985,1013,13-12-2023,1,82.85
1634,568,1013,17-04-2023,8,662.8
1797,77,1013,06-01-2024,8,662.8
1853,39,1013,29-03-2024,6,497.1
1934,762,1013,29-03-2023,7,579.95
46,77,1061,21-07-2024,1,434.18
96,454,1061,11-01-2024,2,868.36
180,151,1061,30-07-2023,6,2605.08
300,246,1061,22-10-2024,6,2605.08
315,408,1061,20-04-2023,2,868.36
583,345,1061,28-12-2022,7,3039.26
665,997,1061,02-09-2023,5,2170.9
704,57,1061,28-04-2024,9,3907.62
828,182,1061,11-12-2022,3,1302.54
835,781,1061,13-09-2023,1,434.18
843,979,1061,01-02-2024,4,1736.72
970,349,1061,30-09-2024,2,868.36
1050,544,1061,30-01-2023,2,868.36
1195,296,1061,26-06-2023,1,434.18
1236,859,1061,29-02-2024,3,1302.54
1263,787,1061,16-04-2024,6,2605.08
1281,49,1061,13-07-2023,6,2605.08
1491,403,1061,30-09-2023,3,1302.54
1498,532,1061,13-11-2023,3,1302.54
1533,531,1061,14-01-2024,9,3907.62
1569,750,1061,30-09-2023,9,3907.62
1607,398,1061,10-12-2023,3,1302.54
1741,710,1061,23-04-2024,6,2605.08
1771,621,1061,29-04-2023,1,434.18
1804,561,1061,06-07-2024,5,2170.9
1906,603,1061,01-05-2024,3,1302.54
47,685,1030,30-05-2024,7,1117.9
209,379,1030,03-06-2023,4,638.8
509,331,1030,11-12-2022,7,1117.9
517,323,1030,15-04-2023,6,958.2
626,78,1030,07-10-2024,2,319.4
734,766,1030,08-06-2023,2,319.4
735,299,1030,30-01-2024,7,1117.9
808,344,1030,13-07-2023,9,1437.3
839,848,1030,29-05-2023,6,958.2
1000,557,1030,26-07-2023,3,479.1
1034,28,1030,16-07-2023,2,319.4
1046,80,1030,10-10-2023,4,638.8
1353,405,1030,19-05-2023,3,479.1
1432,220,1030,18-08-2023,2,319.4
1516,840,1030,09-08-2023,9,1437.3
1739,101,1030,20-06-2024,2,319.4
1808,747,1030,09-04-2023,2,319.4
1854,800,1030,11-02-2024,5,798.5
1951,319,1030,03-08-2023,6,958.2
1953,299,1030,28-03-2023,5,798.5
1996,755,1030,21-10-2023,1,159.7
49,368,1092,25-08-2024,6,1602
141,676,1092,12-06-2023,4,1068
220,57,1092,06-09-2024,2,534
689,283,1092,30-07-2023,1,267
791,157,1092,28-09-2023,5,1335
811,337,1092,22-06-2024,2,534
906,462,1092,13-11-2023,4,1068
1117,209,1092,12-05-2023,8,2136
1208,572,1092,22-11-2023,3,801
1522,621,1092,08-08-2023,2,534
1692,217,1092,04-09-2024,2,534
1834,169,1092,24-09-2023,7,1869
1845,686,1092,01-10-2023,6,1602
1929,484,1092,13-08-2024,1,267
51,278,1017,26-06-2024,2,51.4
124,806,1017,30-11-2022,7,179.9
208,550,1017,18-12-2023,5,128.5
416,402,1017,04-02-2023,2,51.4
527,351,1017,12-12-2022,2,51.4
568,574,1017,22-07-2024,6,154.2
575,938,1017,20-06-2023,7,179.9
582,671,1017,01-10-2023,6,154.2
588,836,1017,27-02-2023,3,77.1
674,908,1017,07-06-2024,4,102.8
759,517,1017,01-03-2023,7,179.9
807,213,1017,21-11-2023,2,51.4
842,398,1017,05-06-2023,4,102.8
889,525,1017,12-11-2022,7,179.9
925,329,1017,23-12-2023,9,231.3
953,972,1017,12-06-2024,6,154.2
1011,812,1017,13-06-2024,9,231.3
1045,141,1017,22-03-2023,8,205.6
1080,25,1017,08-03-2023,8,205.6
1155,64,1017,20-11-2022,9,231.3
1174,796,1017,22-08-2023,3,77.1
1211,241,1017,10-11-2023,1,25.7
1381,671,1017,12-11-2023,6,154.2
1412,184,1017,03-05-2023,5,128.5
1433,825,1017,04-06-2023,5,128.5
1570,607,1017,12-05-2024,6,154.2
1787,27,1017,12-11-2022,5,128.5
52,367,1097,15-03-2024,5,1253.75
201,599,1097,20-08-2024,3,752.25
207,777,1097,08-05-2023,7,1755.25
213,368,1097,13-01-2023,7,1755.25
341,590,1097,14-08-2024,8,2006
366,442,1097,02-02-2023,3,752.25
535,800,1097,25-09-2024,9,2256.75
574,822,1097,16-02-2023,6,1504.5
586,541,1097,28-11-2022,7,1755.25
620,12,1097,12-01-2024,6,1504.5
622,38,1097,02-12-2022,9,2256.75
961,151,1097,01-08-2023,9,2256.75
1087,377,1097,03-09-2024,7,1755.25
1112,417,1097,22-05-2023,2,501.5
1210,216,1097,08-02-2023,2,501.5
1213,45,1097,07-06-2023,5,1253.75
1230,875,1097,09-04-2023,5,1253.75
1559,186,1097,01-04-2024,4,1003
1677,347,1097,03-06-2024,4,1003
1815,479,1097,05-05-2023,8,2006
1861,94,1097,10-04-2024,2,501.5
1916,149,1097,15-06-2023,9,2256.75
54,841,1047,23-04-2023,7,328.72
171,691,1047,29-04-2023,3,140.88
241,795,1047,18-08-2023,2,93.92
530,269,1047,22-01-2023,8,375.68
542,509,1047,24-04-2023,2,93.92
646,50,1047,19-08-2023,1,46.96
772,657,1047,29-01-2024,6,281.76
840,385,1047,21-11-2023,4,187.84
938,590,1047,28-09-2024,5,234.8
974,813,1047,25-11-2023,5,234.8
975,491,1047,26-07-2024,2,93.92
1203,375,1047,24-12-2023,8,375.68
1229,709,1047,25-07-2024,1,46.96
1477,734,1047,14-09-2024,9,422.64
1573,300,1047,14-03-2023,8,375.68
1794,502,1047,27-09-2023,2,93.92
1920,396,1047,10-09-2024,1,46.96
1933,330,1047,13-09-2024,7,328.72
1962,636,1047,11-04-2023,4,187.84
56,227,1044,13-09-2023,6,1193.34
244,817,1044,26-05-2024,5,994.45
314,843,1044,30-01-2023,3,596.67
421,799,1044,13-10-2023,8,1591.12
513,833,1044,24-02-2024,4,795.56
608,522,1044,15-03-2023,3,596.67
651,109,1044,03-02-2023,8,1591.12
696,866,1044,15-11-2022,1,198.89
901,493,1044,08-03-2024,8,1591.12
941,451,1044,03-08-2023,9,1790.01
990,53,1044,28-08-2023,9,1790.01
1376,411,1044,06-10-2024,2,397.78
1613,373,1044,12-12-2022,1,198.89
1614,695,1044,17-02-2024,6,1193.34
1654,217,1044,16-06-2023,6,1193.34
1826,993,1044,03-08-2023,1,198.89
1956,897,1044,14-11-2022,9,1790.01
58,226,1006,16-11-2022,4,447.16
287,64,1006,21-10-2024,9,1006.11
389,200,1006,19-07-2023,1,111.79
515,504,1006,19-09-2024,6,670.74
569,349,1006,28-10-2024,2,223.58
769,450,1006,16-12-2022,7,782.53
803,391,1006,02-03-2023,4,447.16
907,587,1006,22-03-2024,6,670.74
920,923,1006,02-12-2023,9,1006.11
946,149,1006,06-01-2024,3,335.37
1111,296,1006,10-11-2023,5,558.95
1114,271,1006,18-11-2022,2,223.58
1565,61,1006,03-08-2023,5,558.95
1647,647,1006,10-05-2024,6,670.74
1872,239,1006,03-09-2023,8,894.32
1942,452,1006,10-01-2023,1,111.79
63,497,1027,25-03-2023,4,130.44
69,891,1027,13-06-2024,1,32.61
175,440,1027,25-03-2024,9,293.49
200,33,1027,12-04-2023,1,32.61
253,763,1027,18-05-2023,1,32.61
436,485,1027,12-04-2023,4,130.44
456,356,1027,21-04-2023,5,163.05
731,918,1027,31-01-2023,9,293.49
895,452,1027,25-02-2024,6,195.66
967,659,1027,27-08-2024,2,65.22
991,718,1027,23-08-2024,8,260.88
1025,68,1027,05-06-2023,2,65.22
1040,524,1027,23-07-2023,4,130.44
1072,393,1027,20-10-2024,1,32.61
1121,169,1027,22-08-2024,1,32.61
1122,661,1027,13-11-2023,4,130.44
1151,986,1027,08-11-2022,9,293.49
1154,866,1027,18-03-2023,4,130.44
1486,114,1027,20-12-2022,2,65.22
1523,597,1027,06-10-2024,7,228.27
1619,910,1027,10-06-2023,6,195.66
1652,162,1027,26-04-2024,1,32.61
1668,869,1027,17-08-2024,5,163.05
1688,199,1027,13-02-2023,6,195.66
1705,962,1027,15-12-2022,9,293.49
1719,574,1027,19-09-2023,8,260.88
1885,646,1027,17-09-2024,3,97.83
1918,551,1027,14-02-2024,3,97.83
64,374,1099,09-08-2024,7,1283.03
116,35,1099,24-02-2024,8,1466.32
189,982,1099,23-03-2024,2,366.58
391,465,1099,18-10-2024,9,1649.61
891,781,1099,08-02-2023,2,366.58
969,860,1099,06-08-2023,3,549.87
1051,647,1099,11-10-2023,5,916.45
1073,999,1099,05-02-2023,2,366.58
1314,424,1099,27-12-2023,6,1099.74
1321,883,1099,28-03-2023,9,1649.61
1331,149,1099,04-05-2024,6,1099.74
1416,379,1099,20-10-2023,5,916.45
1546,381,1099,01-06-2023,3,549.87
1721,586,1099,15-06-2023,2,366.58
67,823,1037,12-06-2024,6,422.52
165,90,1037,28-01-2023,6,422.52
179,416,1037,06-11-2022,5,352.1
224,971,1037,24-11-2022,9,633.78
307,144,1037,10-05-2024,7,492.94
448,153,1037,26-01-2023,7,492.94
502,351,1037,01-11-2024,3,211.26
609,147,1037,21-12-2022,7,492.94
779,326,1037,18-12-2022,2,140.84
832,371,1037,28-09-2024,3,211.26
936,576,1037,01-10-2023,5,352.1
1032,70,1037,15-09-2024,6,422.52
1057,75,1037,30-09-2023,2,140.84
1094,29,1037,13-05-2023,3,211.26
1135,604,1037,17-03-2023,7,492.94
1159,297,1037,20-11-2022,8,563.36
1224,550,1037,13-08-2023,8,563.36
1633,889,1037,13-06-2023,6,422.52
1662,6,1037,27-01-2023,8,563.36
1878,531,1037,28-12-2023,8,563.36
1993,450,1037,24-03-2024,8,563.36
70,671,1012,20-08-2024,8,712.96
76,192,1012,10-10-2024,3,267.36
95,82,1012,28-05-2023,2,178.24
262,148,1012,17-11-2023,7,623.84
712,263,1012,26-04-2024,5,445.6
873,269,1012,26-07-2023,5,445.6
879,870,1012,17-07-2024,2,178.24
894,805,1012,14-10-2024,6,534.72
951,312,1012,01-10-2023,5,445.6
976,184,1012,02-12-2023,6,534.72
1063,651,1012,17-01-2023,5,445.6
1301,295,1012,29-07-2024,4,356.48
1352,881,1012,08-09-2024,6,534.72
1612,13,1012,09-03-2023,4,356.48
1665,980,1012,12-12-2023,1,89.12
1675,536,1012,30-04-2023,4,356.48
1676,466,1012,14-05-2023,2,178.24
1737,995,1012,17-01-2023,2,178.24
1857,71,1012,01-03-2023,9,802.08
71,373,1053,21-07-2024,6,1501.74
104,479,1053,28-02-2023,6,1501.74
178,840,1053,26-02-2023,8,2002.32
369,999,1053,01-07-2024,4,1001.16
415,301,1053,07-01-2023,8,2002.32
465,647,1053,14-09-2024,7,1752.03
522,842,1053,09-04-2024,3,750.87
611,909,1053,02-01-2024,4,1001.16
631,452,1053,02-03-2023,5,1251.45
777,560,1053,30-03-2024,6,1501.74
800,912,1053,30-12-2023,3,750.87
801,390,1053,12-06-2024,5,1251.45
1036,160,1053,30-08-2024,8,2002.32
1064,609,1053,31-01-2024,6,1501.74
1101,923,1053,07-05-2024,9,2252.61
1280,496,1053,26-01-2024,5,1251.45
1287,20,1053,04-12-2022,1,250.29
1371,434,1053,02-11-2024,6,1501.74
1385,70,1053,05-03-2023,8,2002.32
1496,974,1053,27-04-2023,8,2002.32
1517,392,1053,12-04-2023,2,500.58
1586,662,1053,07-03-2023,1,250.29
1720,195,1053,19-03-2024,6,1501.74
1843,92,1053,01-06-2024,3,750.87
72,416,1010,17-02-2024,4,394
88,631,1010,09-10-2024,1,98.5
395,214,1010,03-04-2024,3,295.5
457,648,1010,09-01-2024,1,98.5
483,308,1010,10-10-2024,6,591
697,562,1010,10-04-2024,5,492.5
848,850,1010,23-12-2023,5,492.5
849,144,1010,17-05-2024,5,492.5
883,282,1010,15-08-2024,8,788
893,167,1010,22-04-2023,7,689.5
916,14,1010,06-02-2024,8,788
966,804,1010,06-01-2023,8,788
1047,797,1010,23-12-2022,9,886.5
1137,887,1010,12-01-2023,3,295.5
1162,123,1010,14-01-2024,9,886.5
1180,379,1010,30-03-2024,9,886.5
1214,640,1010,29-08-2023,8,788
1215,640,1010,21-04-2023,3,295.5
1237,263,1010,23-03-2023,2,197
1248,593,1010,02-04-2023,1,98.5
1308,662,1010,12-03-2024,1,98.5
1364,320,1010,12-11-2022,2,197
1405,186,1010,08-08-2023,9,886.5
1499,431,1010,28-11-2023,5,492.5
1564,495,1010,01-04-2023,7,689.5
1752,460,1010,30-05-2024,9,886.5
77,780,1043,30-06-2024,9,3395.43
136,83,1043,07-11-2023,9,3395.43
382,77,1043,06-04-2024,5,1886.35
507,307,1043,09-02-2023,2,754.54
521,330,1043,23-02-2023,9,3395.43
715,201,1043,11-10-2023,2,754.54
724,496,1043,30-07-2023,1,377.27
775,152,1043,09-12-2022,6,2263.62
822,508,1043,24-04-2024,6,2263.62
943,858,1043,26-01-2023,5,1886.35
1079,895,1043,08-10-2024,1,377.27
1084,90,1043,24-12-2022,4,1509.08
1234,563,1043,30-08-2023,2,754.54
1258,794,1043,16-06-2023,7,2640.89
1500,722,1043,26-03-2023,2,754.54
1758,303,1043,17-03-2024,6,2263.62
1928,206,1043,07-09-2023,8,3018.16
78,20,1077,28-11-2023,3,1285.65
100,68,1077,31-05-2024,1,428.55
288,975,1077,01-01-2023,7,2999.85
495,721,1077,27-11-2022,5,2142.75
818,198,1077,27-11-2022,9,3856.95
860,355,1077,17-02-2024,9,3856.95
985,252,1077,23-12-2022,7,2999.85
1249,926,1077,16-10-2023,8,3428.4
1278,815,1077,12-04-2024,9,3856.95
1329,355,1077,20-12-2022,3,1285.65
1427,210,1077,02-02-2023,7,2999.85
1489,487,1077,30-01-2023,3,1285.65
1532,456,1077,08-09-2024,6,2571.3
1669,121,1077,14-04-2024,3,1285.65
1703,339,1077,14-07-2023,7,2999.85
1810,897,1077,03-07-2023,8,3428.4
1821,280,1077,05-02-2024,8,3428.4
79,654,1082,11-03-2024,6,1631.04
216,620,1082,21-07-2024,1,271.84
265,148,1082,03-12-2023,8,2174.72
329,101,1082,02-09-2024,8,2174.72
453,734,1082,21-07-2024,9,2446.56
532,136,1082,04-03-2023,5,1359.2
585,680,1082,10-12-2022,2,543.68
592,800,1082,10-05-2024,6,1631.04
644,517,1082,11-07-2024,1,271.84
741,532,1082,12-01-2024,6,1631.04
796,208,1082,01-11-2023,5,1359.2
1233,740,1082,22-10-2024,4,1087.36
1339,517,1082,04-08-2024,7,1902.88
1379,646,1082,28-07-2024,5,1359.2
1420,426,1082,21-09-2024,7,1902.88
1989,608,1082,26-12-2023,4,1087.36
84,812,1098,08-10-2023,3,811.11
152,401,1098,05-02-2023,4,1081.48
154,311,1098,16-09-2024,9,2433.33
239,674,1098,09-01-2023,6,1622.22
249,225,1098,30-09-2024,3,811.11
277,283,1098,04-06-2023,7,1892.59
352,73,1098,23-02-2024,8,2162.96
396,165,1098,14-09-2024,7,1892.59
463,770,1098,13-01-2024,5,1351.85
659,363,1098,03-06-2024,1,270.37
716,447,1098,19-11-2023,8,2162.96
758,975,1098,04-01-2024,9,2433.33
899,406,1098,01-09-2023,2,540.74
900,231,1098,17-07-2024,8,2162.96
997,141,1098,04-01-2024,5,1351.85
1347,195,1098,30-12-2022,1,270.37
1686,818,1098,04-02-2024,6,1622.22
1689,557,1098,27-08-2024,7,1892.59
85,641,1075,10-08-2023,5,1929.3
199,32,1075,12-01-2023,7,2701.02
217,85,1075,25-07-2024,6,2315.16
231,34,1075,30-08-2024,8,3086.88
237,583,1075,16-01-2023,7,2701.02
279,471,1075,29-01-2024,5,1929.3
364,687,1075,23-01-2024,8,3086.88
510,79,1075,11-01-2023,8,3086.88
581,309,1075,26-01-2023,2,771.72
589,244,1075,23-03-2024,4,1543.44
619,805,1075,13-06-2024,2,771.72
701,954,1075,11-12-2023,1,385.86
746,660,1075,22-01-2024,1,385.86
908,723,1075,16-07-2023,9,3472.74
928,878,1075,10-03-2024,4,1543.44
977,419,1075,02-03-2024,7,2701.02
1004,394,1075,27-06-2024,1,385.86
1049,789,1075,13-04-2023,4,1543.44
1138,555,1075,10-07-2023,2,771.72
1207,882,1075,12-03-2024,8,3086.88
1273,269,1075,20-08-2024,5,1929.3
1322,161,1075,01-01-2024,3,1157.58
1398,701,1075,18-06-2024,6,2315.16
1545,957,1075,07-01-2024,5,1929.3
1566,334,1075,16-03-2024,5,1929.3
1679,706,1075,18-03-2023,5,1929.3
1774,497,1075,29-08-2024,2,771.72
1814,919,1075,08-05-2023,8,3086.88
1890,879,1075,13-03-2023,6,2315.16
1973,599,1075,19-11-2022,3,1157.58
86,944,1071,18-03-2023,5,519.45
159,850,1071,19-10-2023,1,103.89
187,471,1071,30-11-2022,7,727.23
205,858,1071,27-10-2024,6,623.34
289,285,1071,06-08-2024,8,831.12
424,576,1071,18-02-2024,9,935.01
480,311,1071,02-11-2024,4,415.56
562,932,1071,04-07-2024,4,415.56
666,786,1071,05-10-2023,2,207.78
872,672,1071,01-07-2023,2,207.78
930,408,1071,10-05-2023,1,103.89
981,105,1071,06-04-2023,9,935.01
1027,649,1071,05-02-2023,4,415.56
1052,228,1071,08-10-2024,2,207.78
1066,3,1071,12-07-2024,6,623.34
1141,392,1071,11-04-2023,4,415.56
1183,33,1071,14-12-2022,4,415.56
1243,51,1071,07-02-2023,4,415.56
1282,720,1071,28-08-2023,2,207.78
1388,572,1071,15-11-2023,4,415.56
1408,346,1071,18-12-2022,5,519.45
1421,470,1071,08-12-2022,7,727.23
1556,968,1071,16-03-2023,3,311.67
1617,485,1071,15-02-2023,8,831.12
1627,522,1071,15-10-2023,1,103.89
1641,466,1071,19-11-2023,9,935.01
1795,424,1071,21-06-2023,4,415.56
1900,602,1071,07-07-2024,3,311.67
1919,201,1071,24-05-2024,5,519.45
87,927,1083,27-01-2024,7,1394.26
90,419,1083,11-01-2023,3,597.54
98,445,1083,08-06-2024,3,597.54
164,316,1083,12-01-2023,2,398.36
190,782,1083,19-11-2022,4,796.72
255,189,1083,14-01-2024,4,796.72
438,99,1083,15-09-2024,8,1593.44
484,45,1083,20-07-2024,6,1195.08
516,62,1083,28-08-2024,1,199.18
587,481,1083,20-05-2023,8,1593.44
652,970,1083,19-02-2024,4,796.72
658,950,1083,11-01-2024,8,1593.44
662,414,1083,15-12-2023,5,995.9
790,623,1083,22-06-2023,3,597.54
937,829,1083,18-10-2023,9,1792.62
1023,306,1083,24-04-2024,3,597.54
1024,946,1083,22-04-2023,5,995.9
1088,325,1083,15-03-2023,2,398.36
1310,89,1083,06-10-2023,1,199.18
1451,785,1083,19-01-2024,8,1593.44
1549,767,1083,06-04-2023,4,796.72
1603,885,1083,14-06-2023,2,398.36
1746,485,1083,21-06-2023,4,796.72
89,518,1042,18-12-2023,8,485.28
120,720,1042,02-03-2023,2,121.32
318,46,1042,03-09-2024,6,363.96
333,344,1042,06-07-2023,3,181.98
427,919,1042,13-06-2023,4,242.64
850,477,1042,06-06-2024,7,424.62
905,442,1042,01-02-2023,7,424.62
1107,82,1042,21-07-2024,3,181.98
1297,922,1042,16-11-2023,3,181.98
1319,917,1042,31-01-2023,7,424.62
1387,918,1042,05-04-2024,9,545.94
1400,686,1042,23-06-2023,9,545.94
1525,297,1042,31-10-2023,6,363.96
1595,603,1042,10-01-2024,8,485.28
1625,832,1042,27-07-2023,7,424.62
1637,643,1042,11-12-2022,1,60.66
1651,408,1042,11-06-2024,7,424.62
1750,430,1042,03-07-2023,6,363.96
1756,627,1042,15-06-2024,7,424.62
1859,788,1042,09-01-2024,6,363.96
1882,533,1042,12-08-2023,6,363.96
1970,531,1042,13-09-2024,8,485.28
1998,533,1042,10-09-2023,8,485.28
91,255,1035,23-10-2024,4,1796.04
319,393,1035,14-04-2023,9,4041.09
334,961,1035,16-06-2024,9,4041.09
336,34,1035,23-01-2023,4,1796.04
475,320,1035,08-04-2024,8,3592.08
486,288,1035,09-01-2024,9,4041.09
613,677,1035,12-09-2024,1,449.01
647,844,1035,20-11-2023,4,1796.04
797,876,1035,23-06-2024,6,2694.06
812,11,1035,16-10-2023,7,3143.07
999,95,1035,21-02-2023,7,3143.07
1077,71,1035,06-04-2023,9,4041.09
1307,129,1035,29-03-2023,6,2694.06
1318,366,1035,10-04-2024,4,1796.04
1373,31,1035,31-10-2024,3,1347.03
1464,935,1035,20-04-2024,2,898.02
1466,523,1035,14-03-2023,7,3143.07
1468,731,1035,06-10-2024,4,1796.04
1591,674,1035,01-11-2023,3,1347.03
1680,538,1035,08-07-2023,8,3592.08
1773,906,1035,24-09-2024,2,898.02
1785,421,1035,19-06-2023,3,1347.03
1789,634,1035,14-10-2024,9,4041.09
1972,464,1035,24-10-2023,5,2245.05
94,167,1033,08-03-2024,4,1733.76
197,895,1033,21-10-2024,8,3467.52
540,475,1033,02-05-2024,8,3467.52
760,807,1033,22-07-2023,8,3467.52
816,326,1033,28-10-2023,8,3467.52
825,18,1033,07-11-2022,1,433.44
855,193,1033,12-10-2023,9,3900.96
859,605,1033,11-05-2023,5,2167.2
885,979,1033,18-04-2023,2,866.88
1123,360,1033,21-05-2023,1,433.44
1188,560,1033,18-08-2023,3,1300.32
1370,940,1033,16-03-2023,9,3900.96
1520,332,1033,05-12-2023,9,3900.96
1575,732,1033,26-07-2024,9,3900.96
1600,800,1033,24-06-2023,9,3900.96
1649,768,1033,28-09-2023,5,2167.2
1690,48,1033,28-08-2024,5,2167.2
1764,891,1033,28-09-2023,9,3900.96
1894,528,1033,05-09-2024,7,3034.08
1930,343,1033,03-03-2024,2,866.88
97,296,1054,31-05-2023,1,27.44
283,928,1054,06-11-2022,9,246.96
303,267,1054,24-03-2024,2,54.88
399,470,1054,14-03-2023,3,82.32
571,674,1054,01-01-2023,8,219.52
744,194,1054,26-12-2023,6,164.64
754,745,1054,18-12-2023,9,246.96
1043,312,1054,18-02-2024,4,109.76
1110,388,1054,04-04-2023,8,219.52
1164,759,1054,30-08-2024,9,246.96
1255,874,1054,31-05-2024,5,137.2
1312,364,1054,01-09-2024,8,219.52
1426,678,1054,01-04-2023,9,246.96
1562,905,1054,08-10-2024,4,109.76
1616,939,1054,03-04-2023,2,54.88
1635,66,1054,17-08-2023,4,109.76
1698,914,1054,02-11-2024,6,164.64
1909,566,1054,03-05-2023,4,109.76
1971,513,1054,23-07-2024,1,27.44
99,749,1063,23-04-2023,3,939.39
271,966,1063,02-12-2023,3,939.39
292,173,1063,21-12-2022,2,626.26
308,855,1063,05-09-2023,9,2818.17
322,260,1063,22-12-2023,6,1878.78
346,415,1063,30-08-2024,9,2818.17
371,100,1063,04-03-2023,7,2191.91
386,148,1063,11-10-2024,6,1878.78
401,829,1063,07-06-2024,9,2818.17
633,747,1063,12-06-2024,5,1565.65
742,334,1063,31-10-2024,1,313.13
841,722,1063,24-04-2024,9,2818.17
897,209,1063,03-06-2023,8,2505.04
921,108,1063,25-05-2023,6,1878.78
1018,666,1063,20-09-2023,7,2191.91
1333,982,1063,25-11-2022,8,2505.04
1892,961,1063,06-11-2022,7,2191.91
1963,999,1063,20-11-2022,5,1565.65
102,161,1089,01-07-2024,6,468.48
117,524,1089,22-09-2024,3,234.24
345,321,1089,27-12-2023,9,702.72
471,792,1089,28-01-2023,2,156.16
617,384,1089,27-09-2024,2,156.16
645,541,1089,20-08-2024,6,468.48
1145,240,1089,13-03-2023,1,78.08
1197,314,1089,07-02-2023,6,468.48
1276,43,1089,11-03-2024,4,312.32
1337,463,1089,13-02-2024,6,468.48
1438,449,1089,30-12-2022,2,156.16
1709,704,1089,13-02-2024,9,702.72
1796,370,1089,10-10-2024,8,624.64
1883,300,1089,07-10-2024,1,78.08
1991,596,1089,03-04-2024,3,234.24
103,151,1088,01-10-2023,9,3497.58
153,300,1088,15-07-2023,9,3497.58
204,401,1088,04-06-2023,8,3108.96
214,127,1088,03-07-2024,8,3108.96
276,888,1088,06-12-2022,5,1943.1
407,404,1088,23-05-2023,7,2720.34
423,196,1088,13-12-2022,8,3108.96
491,131,1088,03-06-2023,2,777.24
554,289,1088,15-10-2024,2,777.24
559,664,1088,24-02-2023,2,777.24
627,623,1088,10-05-2023,6,2331.72
682,483,1088,08-09-2023,7,2720.34
831,673,1088,31-10-2024,8,3108.96
886,964,1088,19-06-2024,6,2331.72
902,450,1088,18-07-2023,6,2331.72
913,29,1088,25-08-2024,4,1554.48
1003,103,1088,21-02-2024,5,1943.1
1153,995,1088,26-02-2024,6,2331.72
1254,660,1088,15-01-2024,9,3497.58
1346,758,1088,10-11-2023,5,1943.1
1366,692,1088,16-11-2023,4,1554.48
1436,217,1088,05-07-2023,9,3497.58
1440,212,1088,18-02-2023,5,1943.1
1505,526,1088,09-07-2023,4,1554.48
1513,417,1088,05-10-2023,4,1554.48
1609,192,1088,19-08-2023,9,3497.58
1639,711,1088,28-04-2023,1,388.62
1640,624,1088,08-04-2023,8,3108.96
1697,84,1088,27-09-2024,8,3108.96
1851,653,1088,12-07-2024,7,2720.34
1887,397,1088,23-06-2024,7,2720.34
1949,205,1088,10-11-2023,9,3497.58
1966,813,1088,12-01-2023,2,777.24
106,460,1036,05-11-2022,7,1586.9
139,469,1036,12-05-2024,1,226.7
162,907,1036,23-07-2023,9,2040.3
267,632,1036,25-04-2023,2,453.4
310,705,1036,14-07-2024,3,680.1
343,579,1036,27-06-2023,8,1813.6
408,207,1036,19-10-2023,3,680.1
409,931,1036,07-11-2023,2,453.4
607,890,1036,21-04-2023,9,2040.3
656,539,1036,24-04-2023,7,1586.9
959,216,1036,03-10-2024,1,226.7
1217,59,1036,23-01-2023,5,1133.5
1238,605,1036,07-08-2023,3,680.1
1682,598,1036,18-10-2024,7,1586.9
1760,591,1036,20-01-2023,6,1360.2
1777,261,1036,04-05-2023,1,226.7
1925,541,1036,06-06-2024,6,1360.2
108,307,1060,13-05-2024,4,266.84
161,943,1060,06-01-2023,5,333.55
367,151,1060,13-08-2023,4,266.84
383,355,1060,22-10-2024,3,200.13
433,534,1060,08-09-2024,1,66.71
437,155,1060,30-05-2023,1,66.71
490,892,1060,08-04-2024,6,400.26
671,883,1060,05-03-2024,8,533.68
740,695,1060,29-01-2023,6,400.26
1020,934,1060,01-11-2023,8,533.68
1146,902,1060,23-12-2023,9,600.39
1149,205,1060,19-10-2023,4,266.84
1283,259,1060,11-10-2023,4,266.84
1447,832,1060,28-08-2023,6,400.26
1542,286,1060,17-12-2023,2,133.42
1869,508,1060,12-01-2023,8,533.68
114,449,1068,26-01-2024,4,1289.36
146,555,1068,24-03-2024,2,644.68
195,303,1068,26-07-2023,9,2901.06
245,363,1068,06-10-2023,6,1934.04
269,655,1068,18-11-2022,4,1289.36
325,323,1068,26-02-2024,4,1289.36
417,943,1068,23-02-2024,8,2578.72
444,709,1068,10-02-2023,8,2578.72
469,310,1068,30-03-2023,4,1289.36
558,554,1068,26-09-2024,2,644.68
691,998,1068,30-05-2023,8,2578.72
762,816,1068,18-07-2023,4,1289.36
865,105,1068,21-08-2024,8,2578.72
1189,477,1068,22-08-2024,2,644.68
1218,880,1068,26-01-2023,7,2256.38
1227,146,1068,14-11-2023,2,644.68
1232,365,1068,16-03-2023,3,967.02
1269,820,1068,10-04-2023,7,2256.38
1830,673,1068,27-08-2024,1,322.34
1922,895,1068,03-04-2024,4,1289.36
118,622,1049,20-02-2024,8,1346.24
191,578,1049,06-08-2024,4,673.12
357,692,1049,18-09-2024,5,841.4
504,372,1049,13-11-2022,6,1009.68
505,426,1049,15-08-2023,5,841.4
594,84,1049,30-09-2024,4,673.12
612,764,1049,27-05-2023,9,1514.52
780,913,1049,30-11-2022,7,1177.96
1013,563,1049,17-02-2024,3,504.84
1124,25,1049,17-11-2023,4,673.12
1168,555,1049,31-10-2023,9,1514.52
1375,309,1049,22-03-2023,2,336.56
1445,529,1049,29-09-2024,9,1514.52
1469,930,1049,08-12-2023,1,168.28
1493,784,1049,23-03-2024,4,673.12
1723,698,1049,15-01-2023,1,168.28
1823,283,1049,07-09-2024,7,1177.96
119,972,1018,21-02-2024,2,704.24
274,727,1018,09-04-2023,9,3169.08
286,692,1018,14-09-2024,6,2112.72
358,322,1018,04-01-2023,7,2464.84
452,276,1018,15-10-2024,1,352.12
600,772,1018,14-07-2023,4,1408.48
955,684,1018,17-08-2023,6,2112.72
963,494,1018,12-10-2023,5,1760.6
1074,534,1018,08-12-2022,2,704.24
1264,397,1018,14-02-2024,7,2464.84
1303,977,1018,23-01-2023,5,1760.6
1372,408,1018,08-02-2023,1,352.12
1553,456,1018,11-09-2024,1,352.12
1554,966,1018,30-01-2023,1,352.12
1579,234,1018,04-02-2023,6,2112.72
1598,508,1018,11-08-2024,2,704.24
1636,78,1018,11-09-2024,7,2464.84
1812,919,1018,03-05-2023,6,2112.72
1838,807,1018,21-12-2023,5,1760.6
1840,569,1018,01-07-2024,2,704.24
1945,721,1018,17-04-2023,8,2816.96
121,719,1040,17-06-2023,8,3923.84
234,298,1040,06-06-2024,8,3923.84
266,957,1040,08-10-2024,4,1961.92
270,825,1040,13-05-2023,6,2942.88
298,235,1040,21-08-2023,9,4414.32
340,522,1040,22-07-2023,9,4414.32
377,754,1040,17-06-2023,4,1961.92
392,164,1040,26-07-2024,5,2452.4
561,392,1040,13-09-2023,6,2942.88
625,55,1040,02-09-2024,2,980.96
767,625,1040,01-07-2024,7,3433.36
806,252,1040,03-05-2024,5,2452.4
813,460,1040,28-01-2024,9,4414.32
869,129,1040,03-05-2024,8,3923.84
939,894,1040,22-02-2023,7,3433.36
1068,135,1040,14-12-2023,5,2452.4
1167,723,1040,22-11-2022,8,3923.84
1192,665,1040,29-03-2023,1,490.48
1231,865,1040,08-04-2024,3,1471.44
1298,444,1040,28-09-2024,2,980.96
1403,834,1040,24-06-2023,3,1471.44
1415,924,1040,05-02-2024,9,4414.32
1457,307,1040,01-01-2023,5,2452.4
123,227,1020,30-05-2024,7,2410.38
150,46,1020,21-05-2023,8,2754.72
243,630,1020,18-05-2023,2,688.68
250,858,1020,24-09-2023,6,2066.04
455,528,1020,26-03-2023,1,344.34
783,11,1020,21-08-2024,4,1377.36
821,41,1020,23-04-2024,7,2410.38
846,592,1020,24-09-2023,1,344.34
1368,941,1020,05-04-2023,8,2754.72
1443,628,1020,22-05-2024,8,2754.72
1453,45,1020,21-05-2023,7,2410.38
1694,588,1020,08-02-2024,4,1377.36
1710,2,1020,18-12-2022,2,688.68
1837,289,1020,07-05-2023,3,1033.02
1932,233,1020,26-01-2024,9,3099.06
1954,400,1020,17-02-2023,2,688.68
125,678,1002,02-01-2023,6,1744.02
135,975,1002,09-04-2023,1,290.67
313,767,1002,26-11-2023,7,2034.69
479,999,1002,20-03-2023,7,2034.69
514,308,1002,22-04-2024,5,1453.35
706,941,1002,06-05-2023,6,1744.02
709,747,1002,29-10-2024,9,2616.03
861,364,1002,13-11-2023,1,290.67
898,288,1002,23-10-2024,8,2325.36
965,710,1002,29-11-2022,3,872.01
1056,266,1002,29-05-2023,3,872.01
1103,707,1002,09-06-2023,9,2616.03
1157,226,1002,10-03-2024,2,581.34
1170,562,1002,04-02-2024,9,2616.03
1365,697,1002,21-06-2023,9,2616.03
1399,857,1002,04-09-2024,7,2034.69
1534,894,1002,18-05-2024,4,1162.68
1602,209,1002,16-09-2023,8,2325.36
1734,936,1002,13-08-2023,9,2616.03
1802,161,1002,01-01-2023,6,1744.02
128,632,1062,21-07-2024,3,1249.62
155,561,1062,16-06-2023,3,1249.62
170,992,1062,08-11-2023,9,3748.86
294,898,1062,10-09-2024,9,3748.86
552,98,1062,17-04-2024,6,2499.24
664,169,1062,28-04-2024,3,1249.62
729,132,1062,08-12-2022,8,3332.32
756,610,1062,29-12-2022,4,1666.16
764,782,1062,28-12-2023,9,3748.86
799,149,1062,29-09-2024,3,1249.62
1163,68,1062,20-12-2023,8,3332.32
1431,376,1062,29-03-2023,6,2499.24
1474,192,1062,24-07-2023,5,2082.7
1659,507,1062,13-10-2023,7,2915.78
1695,324,1062,23-05-2023,7,2915.78
1716,525,1062,28-06-2024,6,2499.24
1833,408,1062,08-08-2024,7,2915.78
1907,116,1062,08-11-2023,1,416.54
1943,999,1062,11-03-2024,5,2082.7
1999,309,1062,08-05-2024,6,2499.24
143,377,1078,20-09-2024,1,40.01
167,314,1078,12-10-2024,5,200.05
221,705,1078,05-03-2023,1,40.01
246,554,1078,14-12-2023,8,320.08
282,372,1078,14-01-2023,7,280.07
306,157,1078,04-03-2024,5,200.05
451,243,1078,10-09-2024,9,360.09
720,852,1078,07-10-2024,8,320.08
721,792,1078,24-12-2023,6,240.06
871,979,1078,12-04-2024,5,200.05
1010,411,1078,25-03-2023,1,40.01
1115,790,1078,11-10-2023,1,40.01
1461,306,1078,24-11-2023,1,40.01
1631,260,1078,23-03-2024,3,120.03
1740,332,1078,29-05-2023,7,280.07
1762,935,1078,11-01-2024,8,320.08
1844,825,1078,27-03-2023,6,240.06
1935,117,1078,21-12-2022,7,280.07
1957,427,1078,21-05-2024,4,160.04
1969,446,1078,11-04-2023,6,240.06
147,259,1065,11-01-2024,5,2120.9
553,322,1065,09-11-2023,4,1696.72
610,820,1065,11-09-2024,1,424.18
660,416,1065,16-10-2023,9,3817.62
667,353,1065,02-07-2023,3,1272.54
753,735,1065,26-05-2023,9,3817.62
868,14,1065,11-08-2024,7,2969.26
983,275,1065,20-09-2024,6,2545.08
1008,241,1065,30-11-2023,9,3817.62
1014,445,1065,25-06-2024,8,3393.44
1015,684,1065,26-03-2023,2,848.36
1083,340,1065,22-12-2023,1,424.18
1184,353,1065,01-08-2023,5,2120.9
1191,897,1065,06-05-2023,1,424.18
1205,208,1065,24-03-2023,9,3817.62
1257,584,1065,03-04-2023,7,2969.26
1292,534,1065,09-02-2024,5,2120.9
1302,170,1065,06-04-2024,1,424.18
1334,963,1065,12-11-2022,3,1272.54
1552,26,1065,08-03-2024,9,3817.62
1712,781,1065,23-05-2024,2,848.36
1761,804,1065,22-10-2024,1,424.18
1763,887,1065,23-11-2023,6,2545.08
1841,620,1065,25-04-2023,6,2545.08
1944,434,1065,23-12-2023,1,424.18
1968,838,1065,07-08-2024,1,424.18
149,433,1001,06-08-2024,6,595.92
157,954,1001,28-02-2024,5,496.6
254,726,1001,28-12-2022,9,893.88
263,662,1001,08-06-2023,4,397.28
398,303,1001,27-04-2024,3,297.96
460,887,1001,28-07-2023,6,595.92
533,694,1001,22-06-2023,7,695.24
601,456,1001,11-06-2024,3,297.96
683,834,1001,10-08-2024,5,496.6
751,885,1001,09-11-2022,2,198.64
852,406,1001,05-09-2024,8,794.56
915,31,1001,14-10-2024,9,893.88
926,408,1001,14-06-2023,8,794.56
1031,295,1001,11-03-2024,4,397.28
1104,634,1001,11-04-2023,6,595.92
1204,745,1001,21-09-2023,3,297.96
1220,231,1001,25-09-2023,3,297.96
1244,51,1001,27-06-2023,8,794.56
1267,504,1001,25-04-2024,3,297.96
1335,758,1001,27-10-2024,2,198.64
1350,753,1001,13-01-2024,4,397.28
1386,681,1001,19-12-2023,5,496.6
1392,183,1001,02-10-2023,5,496.6
1449,322,1001,28-11-2023,8,794.56
1467,363,1001,04-10-2024,3,297.96
1521,899,1001,11-12-2023,7,695.24
1588,754,1001,28-06-2023,7,695.24
1592,792,1001,09-01-2024,4,397.28
1605,4,1001,19-10-2023,6,595.92
1638,346,1001,10-09-2023,1,99.32
1673,921,1001,22-01-2024,8,794.56
1801,227,1001,12-06-2024,4,397.28
1820,312,1001,23-01-2024,6,595.92
1965,23,1001,12-11-2022,5,496.6
1984,728,1001,08-07-2024,9,893.88
163,228,1021,17-07-2024,4,1557.64
272,76,1021,10-05-2024,6,2336.46
273,376,1021,08-01-2024,4,1557.64
356,17,1021,19-10-2024,9,3504.69
643,798,1021,25-05-2024,9,3504.69
670,186,1021,08-01-2023,5,1947.05
964,939,1021,29-12-2023,2,778.82
1259,748,1021,08-05-2024,2,778.82
1363,31,1021,25-09-2023,3,1168.23
1487,123,1021,21-02-2024,6,2336.46
1642,17,1021,03-08-2024,9,3504.69
1912,139,1021,09-03-2024,2,778.82
166,210,1045,11-10-2024,5,377.45
215,594,1045,15-02-2023,3,226.47
817,148,1045,04-04-2023,3,226.47
876,4,1045,05-08-2023,2,150.98
919,542,1045,24-05-2023,8,603.92
927,601,1045,14-11-2023,6,452.94
1082,729,1045,28-04-2023,7,528.43
1315,757,1045,24-03-2023,3,226.47
1344,512,1045,25-11-2022,8,603.92
1428,751,1045,01-06-2023,5,377.45
1442,983,1045,05-02-2023,9,679.41
1480,416,1045,22-05-2024,7,528.43
1687,430,1045,08-09-2023,2,150.98
1708,666,1045,26-03-2024,5,377.45
1855,119,1045,23-08-2024,4,301.96
1865,921,1045,21-06-2023,2,150.98
1896,620,1045,09-09-2023,6,452.94
168,116,1038,01-05-2024,9,3691.8
229,7,1038,01-12-2023,9,3691.8
355,736,1038,14-03-2024,5,2051
397,532,1038,24-03-2024,8,3281.6
468,90,1038,04-01-2023,8,3281.6
523,374,1038,15-05-2024,4,1640.8
572,643,1038,17-04-2023,8,3281.6
834,412,1038,17-04-2024,9,3691.8
1009,827,1038,26-02-2023,9,3691.8
1065,566,1038,07-03-2023,1,410.2
1265,61,1038,11-09-2023,4,1640.8
1481,346,1038,02-09-2023,1,410.2
1495,691,1038,18-03-2023,2,820.4
1753,664,1038,26-08-2024,9,3691.8
1842,904,1038,16-03-2024,6,2461.2
1879,878,1038,27-06-2023,9,3691.8
1974,908,1038,19-11-2022,4,1640.8
169,442,1031,23-03-2023,4,676.44
203,354,1031,03-03-2024,3,507.33
227,154,1031,09-03-2024,9,1521.99
326,187,1031,05-03-2023,4,676.44
518,886,1031,10-10-2023,6,1014.66
703,217,1031,15-06-2024,4,676.44
837,352,1031,23-12-2022,9,1521.99
914,558,1031,02-06-2024,4,676.44
1397,79,1031,07-04-2024,6,1014.66
1465,129,1031,10-06-2024,6,1014.66
1470,577,1031,01-07-2024,7,1183.77
1506,746,1031,11-09-2023,9,1521.99
1539,568,1031,06-03-2023,3,507.33
1581,531,1031,06-08-2023,8,1352.88
1622,57,1031,01-11-2023,6,1014.66
1738,89,1031,15-12-2023,6,1014.66
1829,10,1031,01-09-2024,7,1183.77
172,708,1019,03-11-2023,5,1515.85
264,137,1019,20-06-2024,6,1819.02
434,585,1019,07-03-2023,9,2728.53
472,461,1019,04-06-2023,4,1212.68
538,633,1019,25-09-2024,2,606.34
737,109,1019,16-10-2024,4,1212.68
755,799,1019,29-12-2023,8,2425.36
917,647,1019,05-07-2023,4,1212.68
1033,672,1019,14-09-2023,9,2728.53
1106,231,1019,06-11-2022,8,2425.36
1330,288,1019,11-06-2024,4,1212.68
1380,98,1019,14-11-2022,1,303.17
1536,805,1019,25-07-2024,7,2122.19
1558,792,1019,22-12-2022,8,2425.36
1893,638,1019,02-11-2024,2,606.34
1995,456,1019,18-06-2024,7,2122.19
181,981,1048,26-08-2024,8,1738.96
218,440,1048,31-01-2023,5,1086.85
449,893,1048,20-01-2023,3,652.11
461,314,1048,07-05-2023,1,217.37
524,652,1048,06-04-2023,9,1956.33
591,424,1048,26-02-2024,7,1521.59
688,843,1048,22-12-2022,5,1086.85
1147,963,1048,11-04-2024,1,217.37
1169,539,1048,29-01-2024,8,1738.96
1324,973,1048,04-09-2024,6,1304.22
1458,335,1048,11-09-2024,8,1738.96
1515,217,1048,12-09-2023,5,1086.85
1538,206,1048,19-10-2024,2,434.74
1678,377,1048,20-09-2023,8,1738.96
1891,484,1048,14-05-2024,8,1738.96
1983,834,1048,14-03-2024,8,1738.96
184,680,1009,15-02-2023,1,50.94
327,163,1009,11-03-2023,8,407.52
373,173,1009,01-01-2023,3,152.82
567,248,1009,06-08-2024,3,152.82
573,526,1009,20-05-2024,1,50.94
687,604,1009,20-10-2023,8,407.52
1061,552,1009,30-08-2024,2,101.88
1132,609,1009,21-04-2024,3,152.82
1172,859,1009,06-11-2023,7,356.58
1274,656,1009,11-08-2023,1,50.94
1275,15,1009,19-09-2024,9,458.46
1289,29,1009,25-09-2023,1,50.94
1378,408,1009,03-04-2024,4,203.76
1424,954,1009,06-08-2023,6,305.64
1518,76,1009,03-07-2024,7,356.58
1685,449,1009,19-03-2024,5,254.7
1743,634,1009,20-01-2023,2,101.88
1940,22,1009,30-03-2023,6,305.64
185,689,1026,09-09-2023,9,3348.99
188,455,1026,27-07-2024,2,744.22
295,815,1026,15-08-2023,6,2232.66
466,119,1026,16-08-2023,3,1116.33
482,177,1026,22-09-2024,4,1488.44
563,437,1026,07-12-2023,6,2232.66
673,700,1026,28-02-2024,6,2232.66
968,519,1026,08-11-2023,8,2976.88
1109,768,1026,01-08-2023,1,372.11
1277,383,1026,18-08-2024,2,744.22
1476,831,1026,18-11-2023,3,1116.33
1611,700,1026,10-06-2023,7,2604.77
1670,594,1026,12-06-2024,6,2232.66
1870,540,1026,25-04-2023,4,1488.44
198,781,1096,06-12-2022,5,1541.95
228,252,1096,07-06-2024,5,1541.95
544,816,1096,30-01-2023,3,925.17
616,789,1096,22-07-2023,9,2775.51
629,435,1096,25-08-2023,9,2775.51
632,884,1096,06-10-2024,1,308.39
677,696,1096,06-08-2024,5,1541.95
750,92,1096,28-09-2024,4,1233.56
878,723,1096,16-01-2024,8,2467.12
888,608,1096,01-01-2023,9,2775.51
890,25,1096,10-06-2024,3,925.17
1086,822,1096,13-05-2024,2,616.78
1099,656,1096,10-02-2024,5,1541.95
1240,762,1096,17-01-2023,9,2775.51
1402,631,1096,22-05-2024,4,1233.56
1435,5,1096,25-07-2023,7,2158.73
1502,709,1096,17-02-2023,9,2775.51
1557,306,1096,09-01-2023,5,1541.95
1803,485,1096,18-11-2023,1,308.39
1994,156,1096,23-09-2024,9,2775.51
211,552,1072,08-09-2024,9,3014.1
226,594,1072,07-07-2024,9,3014.1
281,308,1072,07-02-2023,1,334.9
410,316,1072,29-04-2023,7,2344.3
765,817,1072,28-08-2024,5,1674.5
923,296,1072,04-02-2023,1,334.9
989,379,1072,06-08-2023,4,1339.6
1017,167,1072,07-02-2024,1,334.9
1085,467,1072,15-07-2024,9,3014.1
1127,443,1072,24-03-2023,2,669.8
1130,804,1072,20-07-2023,7,2344.3
1221,45,1072,01-08-2023,3,1004.7
1411,590,1072,08-12-2023,1,334.9
1528,651,1072,21-10-2023,8,2679.2
1594,979,1072,22-11-2023,1,334.9
1663,794,1072,10-07-2023,1,334.9
1938,605,1072,06-11-2022,2,669.8
1981,561,1072,21-02-2023,6,2009.4
247,271,1016,07-07-2024,3,863.04
365,3,1016,03-09-2024,6,1726.08
426,54,1016,06-07-2024,1,287.68
435,394,1016,08-07-2023,5,1438.4
445,702,1016,14-08-2023,4,1150.72
634,74,1016,21-07-2023,8,2301.44
642,203,1016,15-01-2024,7,2013.76
705,871,1016,16-03-2024,6,1726.08
710,204,1016,01-08-2024,1,287.68
743,538,1016,26-05-2023,2,575.36
792,252,1016,25-01-2023,2,575.36
912,550,1016,16-12-2022,8,2301.44
972,582,1016,23-09-2024,5,1438.4
982,210,1016,03-04-2024,9,2589.12
1055,989,1016,21-10-2023,2,575.36
1193,563,1016,14-12-2023,3,863.04
1226,38,1016,14-02-2023,6,1726.08
1351,823,1016,22-08-2023,7,2013.76
1463,968,1016,15-05-2024,2,575.36
1535,750,1016,08-07-2024,7,2013.76
1699,217,1016,20-09-2023,1,287.68
1784,863,1016,25-01-2024,2,575.36
1884,514,1016,29-09-2023,4,1150.72
1899,50,1016,02-01-2024,6,1726.08
1903,869,1016,14-03-2024,7,2013.76
284,491,1067,11-03-2023,6,214.26
496,641,1067,07-04-2023,6,214.26
654,194,1067,02-03-2024,1,35.71
655,775,1067,21-01-2024,1,35.71
678,815,1067,22-10-2023,9,321.39
1406,251,1067,29-11-2023,2,71.42
316,499,1058,10-09-2024,2,299.98
354,104,1058,17-04-2024,7,1049.93
363,738,1058,07-05-2024,6,899.94
430,59,1058,27-11-2023,5,749.95
668,221,1058,20-07-2023,8,1199.92
686,885,1058,25-06-2024,8,1199.92
1075,986,1058,27-07-2023,9,1349.91
1173,533,1058,25-12-2023,7,1049.93
1309,455,1058,15-09-2024,7,1049.93
1492,216,1058,15-11-2022,4,599.96
1531,572,1058,22-04-2023,1,149.99
1537,606,1058,26-08-2024,6,899.94
1666,798,1058,07-11-2022,2,299.98
1911,64,1058,27-03-2024,5,749.95
1937,409,1058,08-11-2023,8,1199.92
335,935,1076,13-07-2024,7,2031.26
372,957,1076,17-01-2023,9,2611.62
488,820,1076,09-04-2024,4,1160.72
793,582,1076,03-05-2023,7,2031.26
924,660,1076,10-02-2023,2,580.36
935,745,1076,12-03-2024,3,870.54
986,752,1076,15-10-2023,9,2611.62
1037,710,1076,13-11-2023,2,580.36
1126,232,1076,17-09-2023,9,2611.62
1242,131,1076,22-04-2023,3,870.54
1294,500,1076,11-11-2022,9,2611.62
1325,98,1076,24-09-2024,6,1741.08
1404,165,1076,14-10-2024,9,2611.62
1514,781,1076,23-01-2024,7,2031.26
1766,652,1076,23-02-2024,2,580.36
1881,137,1076,21-08-2024,4,1160.72
1950,71,1076,05-04-2023,9,2611.62
348,174,1069,10-08-2023,6,2689.74
360,860,1069,05-04-2024,3,1344.87
370,627,1069,19-07-2023,7,3138.03
497,266,1069,06-05-2024,7,3138.03
555,905,1069,17-07-2024,5,2241.45
603,96,1069,03-03-2023,5,2241.45
680,658,1069,24-07-2023,2,896.58
699,963,1069,10-07-2024,7,3138.03
853,180,1069,16-06-2023,9,4034.61
1048,886,1069,05-09-2024,6,2689.74
1053,679,1069,06-11-2022,8,3586.32
1119,407,1069,04-02-2023,9,4034.61
1152,752,1069,25-04-2023,1,448.29
1175,808,1069,12-10-2024,1,448.29
1186,266,1069,07-05-2023,9,4034.61
1200,792,1069,24-12-2022,8,3586.32
1266,222,1069,22-12-2022,5,2241.45
1317,931,1069,23-11-2022,2,896.58
1407,40,1069,17-12-2023,8,3586.32
1626,750,1069,01-12-2022,1,448.29
381,384,1046,25-06-2023,1,259.04
442,126,1046,16-04-2023,8,2072.32
477,829,1046,03-11-2024,7,1813.28
492,488,1046,07-10-2024,2,518.08
621,905,1046,06-06-2024,5,1295.2
636,811,1046,25-04-2023,5,1295.2
679,867,1046,09-11-2022,5,1295.2
719,655,1046,21-01-2023,3,777.12
819,558,1046,25-04-2024,1,259.04
911,95,1046,14-11-2022,7,1813.28
948,85,1046,02-10-2023,6,1554.24
1187,568,1046,28-02-2024,1,259.04
1356,296,1046,02-05-2024,5,1295.2
1395,764,1046,27-12-2023,5,1295.2
1419,447,1046,30-01-2023,1,259.04
1452,251,1046,15-12-2022,6,1554.24
1454,918,1046,28-02-2023,3,777.12
1482,586,1046,03-09-2023,9,2331.36
1484,341,1046,01-11-2023,2,518.08
1504,739,1046,29-08-2023,9,2331.36
1519,5,1046,18-12-2022,3,777.12
1610,271,1046,01-06-2023,2,518.08
1819,27,1046,29-03-2023,5,1295.2
405,671,1051,25-11-2022,3,193.41
413,328,1051,10-02-2023,7,451.29
570,356,1051,02-09-2024,4,257.88
635,996,1051,01-12-2022,1,64.47
854,221,1051,01-09-2023,5,322.35
1178,634,1051,14-12-2023,9,580.23
1247,13,1051,02-08-2024,2,128.94
1268,579,1051,06-12-2022,8,515.76
1606,467,1051,07-07-2024,8,515.76
1644,474,1051,12-06-2023,2,128.94
1711,399,1051,05-12-2023,1,64.47
1742,719,1051,07-06-2024,9,580.23
1818,961,1051,27-12-2022,5,322.35
1880,950,1051,20-02-2023,2,128.94
1895,567,1051,28-05-2023,8,515.76
1946,59,1051,12-10-2023,2,128.94
1982,790,1051,13-02-2023,8,515.76
485,805,1039,03-08-2024,3,479.97
506,486,1039,08-10-2023,1,159.99
726,698,1039,22-08-2023,6,959.94
798,61,1039,27-05-2024,4,639.96
952,437,1039,09-09-2024,8,1279.92
954,874,1039,16-12-2023,2,319.98
988,781,1039,20-03-2023,2,319.98
1042,489,1039,13-06-2023,3,479.97
1054,377,1039,25-07-2024,3,479.97
1081,93,1039,29-12-2023,3,479.97
1136,808,1039,01-09-2024,3,479.97
1296,781,1039,13-03-2024,3,479.97
1304,93,1039,13-06-2023,6,959.94
1886,148,1039,23-02-2023,9,1439.91
1914,534,1039,23-05-2023,5,799.95
1915,825,1039,15-12-2023,1,159.99
1926,985,1039,17-06-2024,9,1439.91
